<?xml version="1.0" encoding="UTF-8"?>
<EmailTemplate xmlns="http://soap.sforce.com/2006/04/metadata">
    <available>true</available>
    <description>this is used when an auto email needs to be sent out to the CS team In the event that a customer sets up their account using a trust or company bank account</description>
    <encodingKey>UTF-8</encodingKey>
    <letterhead>Tempo_letterhead</letterhead>
    <name>company or trust account Auto email</name>
    <style>formalLetter</style>
    <subject>A Customer is using a trust or company bank account</subject>
    <textOnly>Kia Ora Customer Service representative,

A case {!Case.Id} has opened up for you.
Case number: {!Case.CaseNumber}
Please see the case linked here: {!Case.Link}

Kind Regards,
The Team at Tempo</textOnly>
    <type>html</type>
    <uiType>Aloha</uiType>
</EmailTemplate>
