<?xml version="1.0" encoding="UTF-8"?>
<EmailTemplate xmlns="http://soap.sforce.com/2006/04/metadata">
    <available>false</available>
    <description>For customer to send the right documents to verify their identity and address</description>
    <encodingKey>UTF-8</encodingKey>
    <name>Verify name and identity</name>
    <style>none</style>
    <subject>More info needed to check your identity</subject>
    <textOnly>Email Template



‌ ‌ ‌ ‌ ‌ ‌ ‌ ‌ ‌ ‌ ‌ ‌ ‌   ‌ ‌ ‌ ‌ ‌ ‌ ‌ ‌ ‌ ‌ ‌ ‌ ‌  ‌ ‌ ‌ ‌ ‌ ‌ ‌ ‌ ‌ ‌ ‌ ‌ ‌  ‌ ‌ ‌ ‌ ‌ ‌ ‌ ‌ ‌ ‌ ‌ ‌ ‌   ‌ ‌ ‌ ‌ ‌ ‌ ‌ ‌ ‌ ‌ ‌ ‌ ‌  ‌ ‌ ‌ ‌ ‌ ‌ ‌ ‌ ‌ ‌ ‌ ‌ ‌  ‌ ‌ ‌ ‌ ‌ ‌ ‌ ‌ ‌ ‌ ‌ ‌ ‌   ‌ ‌ ‌ ‌ ‌ ‌ ‌ ‌ ‌ ‌ ‌ ‌ ‌  ‌ ‌ ‌ ‌ ‌ ‌ ‌ ‌ ‌ ‌ ‌ ‌ ‌  ‌ ‌ ‌ ‌ ‌ ‌ ‌ ‌ ‌ ‌ ‌ ‌ ‌   ‌ ‌ ‌ ‌ ‌ ‌ ‌ ‌ ‌ ‌ ‌ ‌ ‌  ‌ ‌ ‌ ‌ ‌ ‌ ‌ ‌ ‌ ‌ ‌ ‌ ‌ ‌ ‌ ‌ ‌ ‌ ‌ ‌ ‌ ‌ ‌ ‌ ‌ ‌  ‌ ‌ ‌ ‌ ‌ ‌ ‌ ‌ ‌ ‌ ‌ ‌ ‌ ‌ ‌ ‌ ‌ ‌ ‌ ‌ ‌ ‌ ‌ ‌ ‌ ‌  ‌ ‌ ‌ ‌ ‌ ‌ ‌ ‌ ‌ ‌ ‌ ‌ ‌


‌



Hi {!Contact.FirstName}

We weren&apos;t able to check your identity through our systems and need a little more info to do this.

Please email certified copies of another type (or types) of current ID. Copies can be certified by a lawyer, teacher, kaumātua, doctor, accountant, Justice of the Peace, court official, or police officer.

Select from the options below, checking the date on the ID has not expired:

One of any of these:
 •   NZ passport
 •   NZ certificate of identity
 •   NZ refugee travel document
 •   NZ firearms licence
 •   Overseas passport
 •   A national identity card

OR

Two types of ID
 •    A national identity card
AND one of any of these:
 •   A bank account or credit card statement (within last 12 months)
 •   A letter from a government agency that contains your name

OR

Two types of ID
One of any of these:
 •    NZ birth certificate
 •    Certificate of NZ citizenship
 •    Citizenship certificate issued by a foreign government
 •    A birth certificate issued by a foreign United Nations government
AND one of any of these:
 •    Kiwiaccess (18+ card)
 •    NZ driver licence
 •    Valid and current international driver licence.

Please email us if you have any further questions and we&apos;ll help you get started with Tempo.

Thank you
Tempo Customer Support

{!Case.Thread_Id}


‌</textOnly>
    <type>custom</type>
    <uiType>Aloha</uiType>
</EmailTemplate>
